INSERT INTO public.role (id, created_at, is_deleted, updated_at, role, user_id) VALUES ('9eda131d-7282-49a4-90cd-fe6a94c62f39', '2022-09-26 15:45:29.000000', false, '2022-09-26 15:45:29.000000', 'Admin', null);
INSERT INTO public.role (id, created_at, is_deleted, updated_at, role, user_id) VALUES ('0cb1dc9a-4ed0-43ae-ba58-f22d2813c1b7', '2022-09-26 15:45:29.000000', false, '2022-09-26 15:45:29.000000', 'Owner', null);
INSERT INTO public.role (id, created_at, is_deleted, updated_at, role, user_id) VALUES ('c5eccf7b-dbc4-4c83-bb82-afcb8dd2456e', '2022-09-26 15:45:29.000000', false, '2022-09-26 15:45:29.000000', 'Customer', null);

INSERT INTO public.app_user (id, created_at, is_deleted, updated_at, email, first_name, is_active, last_name) VALUES ('20a25b1c-77b2-4946-aacf-97f460a58bda', '2022-10-01 18:53:42.670408', false, '2022-10-01 18:53:42.681232', 'keepcalmandwritecode@gmail.com', 'customer1', true, 'customer1');
INSERT INTO public.app_user (id, created_at, is_deleted, updated_at, email, first_name, is_active, last_name) VALUES ('fc5d4686-e23e-493e-85ab-73f824f6574b', '2022-10-01 18:54:10.256537', false, '2022-10-01 18:54:10.256836', 'customer2@gmail.com', 'customer2', true, 'customer2');
INSERT INTO public.app_user (id, created_at, is_deleted, updated_at, email, first_name, is_active, last_name) VALUES ('03a5e541-a628-4ef1-a21c-def60d30a909', '2022-10-01 18:54:36.681892', false, '2022-10-01 18:54:36.682233', 'customer3@gmail.com', 'customer3', true, 'customer3');
INSERT INTO public.app_user (id, created_at, is_deleted, updated_at, email, first_name, is_active, last_name) VALUES ('14ec985d-681a-407e-b90c-33325997482d', '2022-10-01 18:55:24.341091', false, '2022-10-01 18:55:24.341420', 'owner1@gmail.com', 'owner1', true, 'owner1');
INSERT INTO public.app_user (id, created_at, is_deleted, updated_at, email, first_name, is_active, last_name) VALUES ('827f0cc6-7e53-4c4f-9994-187166a0ca18', '2022-10-01 18:55:50.900233', false, '2022-10-01 18:55:50.900544', 'owner2@gmail.com', 'owner2', true, 'owner2');

INSERT INTO public.app_user_roles (user_id, roles_id) VALUES ('20a25b1c-77b2-4946-aacf-97f460a58bda', 'c5eccf7b-dbc4-4c83-bb82-afcb8dd2456e');
INSERT INTO public.app_user_roles (user_id, roles_id) VALUES ('fc5d4686-e23e-493e-85ab-73f824f6574b', '0cb1dc9a-4ed0-43ae-ba58-f22d2813c1b7');
INSERT INTO public.app_user_roles (user_id, roles_id) VALUES ('03a5e541-a628-4ef1-a21c-def60d30a909', 'c5eccf7b-dbc4-4c83-bb82-afcb8dd2456e');
INSERT INTO public.app_user_roles (user_id, roles_id) VALUES ('14ec985d-681a-407e-b90c-33325997482d', '0cb1dc9a-4ed0-43ae-ba58-f22d2813c1b7');
INSERT INTO public.app_user_roles (user_id, roles_id) VALUES ('827f0cc6-7e53-4c4f-9994-187166a0ca18', '0cb1dc9a-4ed0-43ae-ba58-f22d2813c1b7');

INSERT INTO public.property (id, created_at, is_deleted, updated_at, address, city, description, home_type, is_for_sale, is_show_to_customer, number_of_bath_rooms, number_of_rooms, property_name, property_type, rent_amount, rented, rented_date, square_feet, street, zip, owner_id) VALUES ('61afd240-8302-44ec-9985-fe194497592c', '2022-10-01 19:08:07.040919', false, '2022-10-01 19:08:07.040919', '1000 North 4th Street', 'Otummwa', 'Very Beautify View in Sunrise, Enjoy and Relax', '', false, true, 3, 4, 'Sunrise Otummwa', 'Trailer', 1000.00, false, null, 1500, 'Burlington', '52448', '827f0cc6-7e53-4c4f-9994-187166a0ca18');
INSERT INTO public.property (id, created_at, is_deleted, updated_at, address, city, description, home_type, is_for_sale, is_show_to_customer, number_of_bath_rooms, number_of_rooms, property_name, property_type, rent_amount, rented, rented_date, square_feet, street, zip, owner_id) VALUES ('c5201485-b87e-46cd-8d24-375e4b29fad0', '2022-10-01 19:05:21.554959', false, '2022-10-01 19:09:47.320199', '139, Singapore', 'Singapore', 'Come and Stay Our Home, Clean, We are nice guy.', '', false, true, 2, 3, 'Orchard Villa', 'House', 1500.00, false, null, 1400, 'Orchard', '161118', '14ec985d-681a-407e-b90c-33325997482d');
INSERT INTO public.property (id, created_at, is_deleted, updated_at, address, city, description, home_type, is_for_sale, is_show_to_customer, number_of_bath_rooms, number_of_rooms, property_name, property_type, rent_amount, rented, rented_date, square_feet, street, zip, owner_id) VALUES ('946818fd-45ae-4037-b757-f46614ba9966', '2022-10-01 19:10:37.614157', false, '2022-10-01 19:11:16.966333', '1000 North 4th Street', 'FAIRFIELD', 'Mediation House', '', false, true, 4, 5, 'Fairfield Concourse', '', 2000.00, false, null, 1200, 'FAIRFIELD', '52557', '14ec985d-681a-407e-b90c-33325997482d');
INSERT INTO public.property (id, created_at, is_deleted, updated_at, address, city, description, home_type, is_for_sale, is_show_to_customer, number_of_bath_rooms, number_of_rooms, property_name, property_type, rent_amount, rented, rented_date, square_feet, street, zip, owner_id) VALUES ('69a3ca68-fd91-4f7e-8000-218763f1416a', '2022-10-01 19:12:34.989245', false, '2022-10-01 19:12:34.989245', '1000 North 4th Street', 'FAIRFIELD', 'Very dark house ', '', false, true, 1, 1, 'Alone Villa', '', 150.00, false, null, 153, '1 ave', '52557', '14ec985d-681a-407e-b90c-33325997482d');
INSERT INTO public.property (id, created_at, is_deleted, updated_at, address, city, description, home_type, is_for_sale, is_show_to_customer, number_of_bath_rooms, number_of_rooms, property_name, property_type, rent_amount, rented, rented_date, square_feet, street, zip, owner_id) VALUES ('039bd52e-b8c9-4a5d-a6de-5fcd626c25e5', '2022-10-01 19:15:30.622110', false, '2022-10-01 19:15:30.622110', '1000 North 4th Street', 'Dallas', 'This is really good house.', '', false, true, 3, 5, 'Big City', 'House', 2500.00, false, null, 1500, 'Mckee', '52557', '827f0cc6-7e53-4c4f-9994-187166a0ca18');
INSERT INTO public.property (id, created_at, is_deleted, updated_at, address, city, description, home_type, is_for_sale, is_show_to_customer, number_of_bath_rooms, number_of_rooms, property_name, property_type, rent_amount, rented, rented_date, square_feet, street, zip, owner_id) VALUES ('7c31b4f1-23c1-4a1e-b326-76b1fb02fe44', '2022-10-01 19:02:01.729424', false, '2022-10-01 19:17:03.631454', '1000 North 4th Street', 'New York', 'Nice and Beautiful Home, Fully Furnished, Ready to Move In', '', false, true, 2, 3, 'Golden Villa', 'House', 1000.00, false, null, 1200, '11 ave', '52557', '827f0cc6-7e53-4c4f-9994-187166a0ca18');

INSERT INTO public.property_image (id, created_at, is_deleted, updated_at, img_url, property_id) VALUES ('8c7a6eff-3e85-4b43-9241-dad2d199cfb6', '2022-10-01 19:02:01.733520', false, '2022-10-01 19:02:01.733520', 'http://localhost:9090/static/1664668921660_w620x413.jpg', null);
INSERT INTO public.property_image (id, created_at, is_deleted, updated_at, img_url, property_id) VALUES ('a8a1b67f-5280-4b87-a24c-be6b81254f42', '2022-10-01 19:17:03.628845', false, '2022-10-01 19:17:03.628845', 'http://localhost:9090/static/1664669823593_w620x413.jpg', '7c31b4f1-23c1-4a1e-b326-76b1fb02fe44');
INSERT INTO public.property_image (id, created_at, is_deleted, updated_at, img_url, property_id) VALUES ('f787c317-0f09-4f95-b5c4-c53948d30290', '2022-10-01 19:08:07.041310', false, '2022-10-01 19:08:07.041310', 'http://localhost:9090/static/1664669287017_41438-b580.jpg', '61afd240-8302-44ec-9985-fe194497592c');
INSERT INTO public.property_image (id, created_at, is_deleted, updated_at, img_url, property_id) VALUES ('2b3bf1de-a038-4261-8671-d7a9a0608ffe', '2022-10-01 19:05:21.555477', false, '2022-10-01 19:05:21.555477', 'http://localhost:9090/static/1664669121529_1169-front.jpg', null);
INSERT INTO public.property_image (id, created_at, is_deleted, updated_at, img_url, property_id) VALUES ('0bce8d02-9c69-481b-b7ae-bc877f9c9e27', '2022-10-01 19:09:47.316642', false, '2022-10-01 19:09:47.316642', 'http://localhost:9090/static/1664669387286_a1c1a1a36c9e4ff8adcb958c4276f28d-jumbo.jpg', 'c5201485-b87e-46cd-8d24-375e4b29fad0');
INSERT INTO public.property_image (id, created_at, is_deleted, updated_at, img_url, property_id) VALUES ('b3366cc8-1e61-4a41-a6c1-c3d1e743a8c4', '2022-10-01 19:10:37.614460', false, '2022-10-01 19:10:37.614460', 'http://localhost:9090/static/1664669437590_hyde-park-house-robeson-architects_1.jpg', null);
INSERT INTO public.property_image (id, created_at, is_deleted, updated_at, img_url, property_id) VALUES ('402de237-5fe0-40c2-bb77-b2e411731d73', '2022-10-01 19:11:16.965401', false, '2022-10-01 19:11:16.965401', 'http://localhost:9090/static/1664669476948_hyde-park-house-robeson-architects_1.jpg', '946818fd-45ae-4037-b757-f46614ba9966');
INSERT INTO public.property_image (id, created_at, is_deleted, updated_at, img_url, property_id) VALUES ('06866ef4-1cc5-4144-8212-593f3c51be4b', '2022-10-01 19:12:34.989705', false, '2022-10-01 19:12:34.989705', 'http://localhost:9090/static/1664669554961_download-23.jpg', '69a3ca68-fd91-4f7e-8000-218763f1416a');
INSERT INTO public.property_image (id, created_at, is_deleted, updated_at, img_url, property_id) VALUES ('d7d4ba8d-30f8-4e15-9dcc-9111876457ec', '2022-10-01 19:15:30.622692', false, '2022-10-01 19:15:30.622692', 'http://localhost:9090/static/1664669730588_iStock_185930591.jpg', '039bd52e-b8c9-4a5d-a6de-5fcd626c25e5');
